[
    {
        "name" : "Basket 1",
        "incubator" : "Marco",
        "description" : "The quick brown fox...",
        "value" : 0.05
    },
    {
        "name" : "Basket 2",
        "incubator" : "William",
        "description" : "Loem Ipsum...",
        "value" : 0.03
    },
    {
        "name" : "Basket 3",
        "incubator" : "Sergio",
        "description" : "Nel mezzo del cammin di nostra vita...",
        "value" : 0.07
    },
    {
        "name" : "Basket 4",
        "incubator" : "Arianna",
        "description" : "Nun ci sta mamma' la dint...",
        "value" : 0.10
    }
]