{
    "seedTokenAddress" : "0x029eb9c1810A97431200C08B827944B30f615325",
    "factoryAddress" : "0xe43A557b403777e33873C69a7A3f097Fa8A12e98",
    "lastCheckedBlockNumber" : 5723338,
    "web3Provider" : "assets/scripts/blockchain.provider.web3.js",
    "etherscanURL" : "https://ropsten.etherscan.io/",
    "ipfsProvider" : "assets/scripts/ipfs.provider.http.js",
    "ipfsHost" : "ipfs.infura.io",
    "ipfsPort" : "5001",
    "ipfsProtocol" : "https",
    "ipfsUrlTemplate" : "https://ipfs.io/ipfs/",
    "gasPrice" : 30,
    "gasLimit" : 8000000
}